{"fullscreen":true,"width":700,"height":500,"scale":2,"startScene":"main","version":"0.5.0","clearColor":[0.44313725490196076,0.4745098039215686,0.48627450980392156,1]}